"LR","Method","Spec","Median_AUROC","Median_AUPR"
"5e-05","DanQ","Cattle",0.910950323947558,0.457352859432276
"1e-04","DanQ","Chicken",0.882503603741402,0.484561570503466
"5e-04","DanQ","Pig",0.851233155719116,0.33615395836308
"5e-05","DanQ","Salmon",0.906547715066853,0.128803689989283
